category,n,mean_words,afinn_norm_mean,bing_net_norm_mean,nrc_net_norm_mean
health,30,1342.2666666666667,0.016953235416209727,-0.001526466647480344,0.019267566636661623
sport,30,1133.1333333333334,0.05028828487608586,0.022566442835587227,0.022665097036884265
tech,30,1006.5666666666667,0.02417762713754897,0.009461855513078266,0.0343342497244582
